USE DB_2022056262;

DELETE FROM `transactionHistory`;

DELETE FROM `portfolio`;

DELETE FROM `orderBook`;

DELETE FROM `stock`;

INSERT INTO
    `stock` (
        `stockID`,
        `curPrice`,
        `prevClose`,
        `chgPercent`
    )
VALUES ('TSMC', 266135, 262811, 1.26),
    ('태영건설', 3700, 4435, -16.57);

INSERT INTO
    portfolio (
        userID,
        stockID,
        quantity,
        avgPrice,
        chgPercent,
        evalPL,
        tradQty
    )
VALUES (
        'juri',
        'TSMC',
        10,
        250000,
        6.4,
        161350,
        7
    ), -- 2개 매도 예약, tradQty 조정
    (
        'juri',
        '태영건설',
        15,
        3800,
        -2.6,
        -1500,
        8
    ), -- 3개 매도 예약, tradQty 조정
    (
        'juri1135',
        'TSMC',
        5,
        260000,
        2.4,
        30675,
        4
    ), -- tradQty 그대로
    (
        'test',
        '태영건설',
        8,
        3700,
        0.0,
        0,
        1
    );

INSERT INTO
    `orderBook` (
        `orderID`,
        `userID`,
        `stockID`,
        `state`,
        `price`,
        `quantity`,
        `orderType`,
        `priceType`,
        `time`
    )
VALUES (
        1,
        'juri',
        'TSMC',
        'complete',
        245000,
        2,
        '매수',
        '지정가',
        '2023-11-01 09:30:00'
    ),
    (
        2,
        'juri',
        'TSMC',
        'complete',
        255000,
        3,
        '매수',
        '지정가',
        '2023-11-01 10:30:00'
    ),
    (
        3,
        'juri',
        'TSMC',
        'complete',
        260000,
        5,
        '매수',
        '시장가',
        '2023-11-02 11:00:00'
    ),
    (
        4,
        'juri',
        '태영건설',
        'complete',
        3900,
        5,
        '매수',
        '지정가',
        '2023-11-02 09:30:00'
    ),
    (
        5,
        'juri',
        '태영건설',
        'complete',
        3700,
        10,
        '매수',
        '시장가',
        '2023-11-03 11:00:00'
    ),
    (
        6,
        'juri1135',
        'TSMC',
        'complete',
        260000,
        5,
        '매수',
        '시장가',
        '2023-11-02 09:15:00'
    ),
    (
        7,
        'test',
        '태영건설',
        'complete',
        3650,
        4,
        '매수',
        '시장가',
        '2023-11-02 15:30:00'
    ),
    (
        8,
        'test',
        '태영건설',
        'complete',
        3750,
        4,
        '매수',
        '지정가',
        '2023-11-03 09:00:00'
    ),
    (
        9,
        'juri',
        'TSMC',
        'pending',
        265000,
        2,
        '매도',
        '지정가',
        '2023-11-03 09:00:00'
    ),
    (
        10,
        'juri',
        '태영건설',
        'pending',
        3800,
        3,
        '매도',
        '지정가',
        '2023-11-03 10:00:00'
    ),
    (
        11,
        'test',
        '태영건설',
        'pending',
        3850,
        2,
        '매도',
        '지정가',
        '2023-11-03 11:00:00'
    ),
    (
        12,
        'juri',
        '태영건설',
        'pending',
        4000,
        1,
        '매도',
        '지정가',
        '2023-11-03 10:02:00'
    ),
    (
        13,
        'juri',
        '태영건설',
        'pending',
        5000,
        3,
        '매도',
        '지정가',
        '2023-11-03 10:10:00'
    ),
    (
        14,
        'juri',
        'TSMC',
        'pending',
        260000,
        1,
        '매도',
        '지정가',
        '2023-11-03 10:20:00'
    ),
    (
        15,
        'juri',
        'TSMC',
        'pending',
        220000,
        3,
        '매수',
        '지정가',
        '2023-11-03 10:07:00'
    ),
    (
        16,
        'juri',
        '태영건설',
        'pending',
        3000,
        3,
        '매수',
        '지정가',
        '2023-11-02 10:00:00'
    ),
    (
        17,
        'juri1135',
        '태영건설',
        'pending',
        2900,
        2,
        '매수',
        '지정가',
        '2023-11-03 11:00:00'
    ),
    (
        25,
        'juri1135',
        '태영건설',
        'pending',
        2500,
        3,
        '매수',
        '지정가',
        '2023-11-03 11:20:00'
    ),
    (
        18,
        'juri1135',
        'TSMC',
        'pending',
        275000,
        1,
        '매도',
        '지정가',
        '2023-11-02 11:00:00'
    ),
    (
        19,
        'juri1135',
        'TSMC',
        'pending',
        201000,
        4,
        '매수',
        '지정가',
        '2023-11-04 01:00:00'
    ),
    (
        20,
        'juri1135',
        '태영건설',
        'pending',
        2000,
        4,
        '매수',
        '지정가',
        '2023-11-04 11:03:00'
    ),
    (
        21,
        'test',
        '태영건설',
        'pending',
        4000,
        3,
        '매도',
        '지정가',
        '2023-11-03 11:06:00'
    ),
    (
        22,
        'test',
        '태영건설',
        'pending',
        4200,
        1,
        '매도',
        '지정가',
        '2023-11-03 11:16:00'
    ),
    (
        23,
        'test',
        '태영건설',
        'pending',
        4300,
        1,
        '매도',
        '지정가',
        '2023-11-04 01:06:00'
    ),
    (
        24,
        'test',
        'TSMC',
        'pending',
        242000,
        3,
        '매수',
        '지정가',
        '2023-11-03 11:16:00'
    ),
    (
        30,
        'test',
        'TSMC',
        'pending',
        200000,
        2,
        '매수',
        '지정가',
        '2023-11-03 11:46:00'
    ),
    (
        29,
        'test',
        'TSMC',
        'pending',
        180000,
        3,
        '매수',
        '지정가',
        '2023-11-03 11:08:00'
    ),
    (
        28,
        'test',
        'TSMC',
        'pending',
        242000,
        3,
        '매수',
        '지정가',
        '2023-11-03 11:16:00'
    ),
    (
        26,
        'test',
        '태영건설',
        'pending',
        3500,
        3,
        '매수',
        '지정가',
        '2023-11-03 11:36:00'
    ),
    (
        27,
        'test',
        '태영건설',
        'pending',
        3600,
        1,
        '매수',
        '지정가',
        '2023-11-03 09:06:00'
    );

INSERT INTO
    transactionHistory (
        userID,
        stockID,
        orderID,
        price,
        orderType,
        quantity,
        priceType,
        time
    )
VALUES (
        'juri',
        'TSMC',
        1,
        245000,
        '매수',
        2,
        '지정가',
        '2023-11-01 09:30:00'
    ),
    (
        'juri',
        'TSMC',
        2,
        255000,
        '매수',
        3,
        '지정가',
        '2023-11-01 10:30:00'
    ),
    (
        'juri',
        'TSMC',
        3,
        260000,
        '매수',
        5,
        '시장가',
        '2023-11-02 11:00:00'
    ),
    (
        'juri',
        '태영건설',
        4,
        3900,
        '매수',
        5,
        '지정가',
        '2023-11-02 09:30:00'
    ),
    (
        'juri',
        '태영건설',
        5,
        3700,
        '매수',
        10,
        '시장가',
        '2023-11-03 11:00:00'
    ),
    (
        'juri1135',
        'TSMC',
        6,
        260000,
        '매수',
        5,
        '시장가',
        '2023-11-02 09:15:00'
    ),
    (
        'test',
        '태영건설',
        7,
        3650,
        '매수',
        4,
        '시장가',
        '2023-11-02 15:30:00'
    ),
    (
        'test',
        '태영건설',
        8,
        3750,
        '매수',
        4,
        '지정가',
        '2023-11-03 09:00:00'
    );
