USE DB_2022056262;

DELETE FROM `transactionHistory`;

DELETE FROM `portfolio`;

DELETE FROM `orderBook`;

DELETE FROM `stock`;

INSERT INTO
    `userInfo` (
        `userID`,
        `password`,
        `state`,
        `balance`
    )
VALUES (
        'test',
        'test0917',
        'off',
        300000
    ),
    (
        'juri',
        'juri0917',
        'off',
        500000
    ),
    ('dbms', 'test', 'off', 250000);

INSERT INTO
    `stock` (
        `stockID`,
        `curPrice`,
        `prevClose`,
        `chgPercent`
    )
VALUES ('TSMC', 275000, 260000, 5.76),
    ('태영건설', 4000, 4200, -4.76);

INSERT INTO
    portfolio (
        userID,
        stockID,
        quantity,
        avgPrice,
        chgPercent,
        evalPL,
        tradQty
    )
VALUES (
        'test',
        'tsmc',
        6,
        194000,
        41.8,
        486000,
        6
    ),
    (
        'test',
        '태영건설',
        16,
        3862,
        3.6,
        2208,
        8
    ),
    (
        'juri',
        'tsmc',
        6,
        225000,
        22.2,
        300000,
        6
    ),
    (
        'juri',
        '태영건설',
        100,
        1000,
        300.0,
        300000,
        50
    ),
    (
        'dbms',
        'tsmc',
        9,
        144400,
        90.4,
        1175400,
        4
    );

INSERT INTO
    `orderBook` (
        `orderID`,
        `userID`,
        `stockID`,
        `state`,
        `price`,
        `quantity`,
        `orderType`,
        `priceType`,
        `time`
    )
VALUES (
        1,
        'test',
        'tsmc',
        'complete',
        200000,
        2,
        '매수',
        '지정가',
        '2024-11-04 14:02:02'
    ),
    (
        2,
        'test',
        'tsmc',
        'complete',
        190000,
        3,
        '매수',
        '지정가',
        '2024-11-04 14:03:02'
    ),
    (
        3,
        'test',
        'tsmc',
        'complete',
        220000,
        1,
        '매도',
        '시장가',
        '2024-11-04 14:04:02'
    ),
    (
        4,
        'test',
        'tsmc',
        'complete',
        240000,
        1,
        '매도',
        '시장가',
        '2024-11-04 14:05:02'
    ),
    (
        5,
        'test',
        '태영건설',
        'complete',
        3700,
        10,
        '매수',
        '지정가',
        '2024-11-04 14:06:02'
    ),
    (
        6,
        'test',
        '태영건설',
        'complete',
        4000,
        3,
        '매도',
        '지정가',
        '2024-11-04 14:07:02'
    ),
    (
        7,
        'test',
        '태영건설',
        'complete',
        4200,
        5,
        '매수',
        '시장가',
        '2024-11-04 14:08:02'
    ),
    (
        8,
        'test',
        '태영건설',
        'complete',
        3800,
        1,
        '매수',
        '지정가',
        '2024-11-04 14:09:02'
    ),
    (
        9,
        'juri',
        '태영건설',
        'complete',
        1000,
        100,
        '매수',
        '지정가',
        '2024-11-04 14:10:02'
    ),
    (
        10,
        'juri',
        'tsmc',
        'complete',
        200000,
        2,
        '매수',
        '지정가',
        '2024-11-04 14:11:02'
    ),
    (
        11,
        'juri',
        'tsmc',
        'complete',
        250000,
        2,
        '매도',
        '지정가',
        '2024-11-04 14:12:02'
    ),
    (
        12,
        'juri',
        'tsmc',
        'complete',
        240000,
        1,
        '매수',
        '시장가',
        '2024-11-04 14:13:02'
    ),
    (
        13,
        'juri',
        'tsmc',
        'complete',
        260000,
        3,
        '매수',
        '시장가',
        '2024-11-04 14:14:02'
    ),
    (
        14,
        'dbms',
        'tsmc',
        'complete',
        100000,
        5,
        '매수',
        '지정가',
        '2024-11-04 14:15:02'
    ),
    (
        15,
        'dbms',
        'tsmc',
        'complete',
        200000,
        4,
        '매수',
        '지정가',
        '2024-11-04 14:16:02'
    ),
    (
        16,
        'juri',
        'TSMC',
        'pending',
        265000,
        1,
        '매수',
        '지정가',
        '2023-11-03 09:00:00'
    ),
    (
        17,
        'juri',
        '태영건설',
        'pending',
        4000,
        3,
        '매도',
        '지정가',
        '2023-11-03 10:00:00'
    ),
    (
        18,
        'juri',
        '태영건설',
        'pending',
        4200,
        10,
        '매도',
        '지정가',
        '2023-11-03 11:00:00'
    ),
    (
        19,
        'juri',
        '태영건설',
        'pending',
        4500,
        10,
        '매도',
        '지정가',
        '2023-11-03 10:02:00'
    ),
    (
        20,
        'juri',
        '태영건설',
        'pending',
        5000,
        10,
        '매도',
        '지정가',
        '2023-11-03 10:10:00'
    ),
    (
        21,
        'juri',
        'TSMC',
        'pending',
        250000,
        1,
        '매수',
        '지정가',
        '2023-11-03 10:20:00'
    ),
    (
        22,
        'dbms',
        'TSMC',
        'pending',
        270000,
        1,
        '매도',
        '지정가',
        '2023-11-03 10:07:00'
    ),
    (
        23,
        'juri',
        '태영건설',
        'pending',
        3900,
        7,
        '매도',
        '지정가',
        '2023-11-02 10:00:00'
    ),
    (
        24,
        'juri',
        '태영건설',
        'pending',
        4100,
        5,
        '매도',
        '지정가',
        '2023-11-03 11:00:00'
    ),
    (
        25,
        'juri',
        '태영건설',
        'pending',
        4300,
        5,
        '매도',
        '지정가',
        '2023-11-03 11:20:00'
    ),
    (
        26,
        'dbms',
        'TSMC',
        'pending',
        275000,
        1,
        '매도',
        '지정가',
        '2023-11-02 11:00:00'
    ),
    (
        27,
        'dbms',
        'TSMC',
        'pending',
        280000,
        1,
        '매도',
        '지정가',
        '2023-11-04 01:00:00'
    ),
    (
        28,
        'dbms',
        'TSMC',
        'pending',
        290000,
        2,
        '매도',
        '지정가',
        '2023-11-04 11:03:00'
    ),
    (
        29,
        'test',
        '태영건설',
        'pending',
        3800,
        3,
        '매도',
        '지정가',
        '2023-11-03 11:06:00'
    ),
    (
        30,
        'test',
        '태영건설',
        'pending',
        4000,
        1,
        '매도',
        '지정가',
        '2023-11-03 11:16:00'
    ),
    (
        31,
        'test',
        '태영건설',
        'pending',
        4400,
        1,
        '매도',
        '지정가',
        '2023-11-04 01:06:00'
    ),
    (
        32,
        'test',
        'TSMC',
        'pending',
        242000,
        3,
        '매수',
        '지정가',
        '2023-11-03 11:16:00'
    ),
    (
        33,
        'test',
        'TSMC',
        'pending',
        230000,
        2,
        '매수',
        '지정가',
        '2023-11-03 11:46:00'
    );

INSERT INTO
    `transactionHistory` (
        `transactionID`,
        `userID`,
        `stockID`,
        `orderID`,
        `price`,
        `orderType`,
        `quantity`,
        `priceType`,
        `time`
    )
VALUES (
        1,
        'test',
        'tsmc',
        1,
        200000,
        '매수',
        2,
        '지정가',
        '2024-11-04 14:07:02'
    ),
    (
        2,
        'test',
        'tsmc',
        2,
        190000,
        '매수',
        3,
        '지정가',
        '2024-11-04 14:08:02'
    ),
    (
        3,
        'test',
        'tsmc',
        3,
        220000,
        '매도',
        1,
        '시장가',
        '2024-11-04 14:09:02'
    ),
    (
        4,
        'test',
        'tsmc',
        4,
        240000,
        '매도',
        1,
        '시장가',
        '2024-11-04 14:10:02'
    ),
    (
        5,
        'test',
        '태영건설',
        5,
        3700,
        '매수',
        10,
        '지정가',
        '2024-11-04 14:11:02'
    ),
    (
        6,
        'test',
        '태영건설',
        6,
        4000,
        '매도',
        3,
        '지정가',
        '2024-11-04 14:12:02'
    ),
    (
        7,
        'test',
        '태영건설',
        7,
        4200,
        '매수',
        5,
        '시장가',
        '2024-11-04 14:13:02'
    ),
    (
        8,
        'test',
        '태영건설',
        8,
        3800,
        '매수',
        1,
        '지정가',
        '2024-11-04 14:14:02'
    ),
    (
        9,
        'juri',
        '태영건설',
        9,
        1000,
        '매수',
        100,
        '지정가',
        '2024-11-04 14:15:02'
    ),
    (
        10,
        'juri',
        'tsmc',
        10,
        200000,
        '매수',
        2,
        '지정가',
        '2024-11-04 14:16:02'
    ),
    (
        11,
        'juri',
        'tsmc',
        11,
        250000,
        '매도',
        2,
        '지정가',
        '2024-11-04 14:17:02'
    ),
    (
        12,
        'juri',
        'tsmc',
        12,
        240000,
        '매수',
        1,
        '시장가',
        '2024-11-04 14:18:02'
    ),
    (
        13,
        'juri',
        'tsmc',
        13,
        260000,
        '매수',
        3,
        '시장가',
        '2024-11-04 14:19:02'
    ),
    (
        14,
        'dbms',
        'tsmc',
        14,
        100000,
        '매수',
        5,
        '지정가',
        '2024-11-04 14:20:02'
    ),
    (
        15,
        'dbms',
        'tsmc',
        15,
        200000,
        '매수',
        4,
        '지정가',
        '2024-11-04 14:21:02'
    );
