USE DB_2022056262;

DELETE FROM `transactionHistory`;

DELETE FROM `portfolio`;

INSERT INTO
    `stock` (
        `stockID`,
        `curPrice`,
        `prevClose`,
        `chgPercent`
    )
VALUES ('마스터카드', 700794, 689084, 1.69),
    ('엔디비아', 186757, 183115, 1.98),
    ('QQQ', 672312, 667374, 0.73),
    ('SPY', 787635, 784325, 0.42),
    ('TSMC', 266135, 262811, 1.26),
    ('디즈니', 132150, 132150, -0.40),
    (
        'GOOGLE',
        238136,
        238191,
        -0.02
    ),
    ('메타', 782283, 782863, -0.07),
    ('경남제약', 882, 683, 29.13),
    ('태영건설', 3700, 4435, -16.57);

INSERT INTO
    `orderBook` (
        `orderID`,
        `userID`,
        `stockID`,
        `state`,
        `price`,
        `quantity`,
        `orderType`,
        `priceType`,
        `time`
    )
VALUES (
        1,
        'juri',
        '엔디비아',
        'completed',
        100000,
        1,
        '매수',
        '지정가',
        '2023-11-01 09:30:00'
    ),
    (
        2,
        'juri',
        '엔디비아',
        'completed',
        130000,
        2,
        '매수',
        '지정가',
        '2023-11-01 14:15:00'
    ),
    (
        3,
        'juri',
        'QQQ',
        'completed',
        620000,
        2,
        '매수',
        '지정가',
        '2023-11-03 11:00:00'
    ),
    (
        4,
        'juri',
        'TSMC',
        'completed',
        220000,
        3,
        '매수',
        '지정가',
        '2023-11-05 14:30:00'
    ),
    (
        5,
        'juri',
        'TSMC',
        'completed',
        260000,
        2,
        '매도',
        '지정가',
        '2023-11-07 10:00:00'
    ),
    (
        6,
        'juri1135',
        '태영건설',
        'completed',
        3700,
        1,
        '매수',
        '지정가',
        '2023-11-04 09:30:00'
    ),
    (
        7,
        'juri1135',
        '태영건설',
        'completed',
        3600,
        5,
        '매수',
        '지정가',
        '2023-11-06 10:15:00'
    ),
    (
        8,
        'juri1135',
        '태영건설',
        'completed',
        4000,
        3,
        '매도',
        '지정가',
        '2023-11-08 11:30:00'
    ),
    (
        9,
        'juri1135',
        '태영건설',
        'completed',
        3500,
        7,
        '매수',
        '지정가',
        '2023-11-09 14:45:00'
    ),
    (
        10,
        'juri1135',
        '메타',
        'completed',
        750000,
        3,
        '매수',
        '지정가',
        '2023-11-04 13:00:00'
    ),
    (
        11,
        'juri1135',
        '메타',
        'completed',
        760000,
        2,
        '매수',
        '지정가',
        '2023-11-07 14:00:00'
    ),
    (
        12,
        'juri1135',
        'GOOGLE',
        'completed',
        238136,
        3,
        '매수',
        '시장가',
        '2023-11-08 15:30:00'
    ),
    (
        13,
        'test',
        '경남제약',
        'completed',
        880,
        50,
        '매수',
        '지정가',
        '2023-11-02 09:45:00'
    ),
    (
        14,
        'test',
        '경남제약',
        'completed',
        900,
        50,
        '매도',
        '지정가',
        '2023-11-01 10:15:00'
    ),
    (
        15,
        'test',
        '경남제약',
        'completed',
        850,
        100,
        '매수',
        '지정가',
        '2023-11-03 12:00:00'
    ),
    (
        16,
        'test',
        '엔디비아',
        'completed',
        186757,
        10,
        '매수',
        '시장가',
        '2023-11-05 14:30:00'
    ),
    (
        17,
        'juri',
        'QQQ',
        'pending',
        630000,
        1,
        '매도',
        '지정가',
        '2023-11-06 10:00:00'
    ),
    (
        18,
        'juri1135',
        '메타',
        'pending',
        780000,
        2,
        '매도',
        '시장가',
        '2023-11-05 11:30:00'
    ),
    (
        19,
        'test',
        '태영건설',
        'pending',
        3600,
        20,
        '매도',
        '지정가',
        '2023-11-07 12:45:00'
    );

INSERT INTO
    `portfolio` (
        `userID`,
        `stockID`,
        `quantity`,
        `avgPrice`,
        `chgPercent`,
        `evalPL`,
        `tradQty`
    )
VALUES
    -- juri의 portfolio
    (
        'juri',
        '마스터카드',
        1,
        708856,
        -1.3,
        -8062,
        1
    ),
    (
        'juri',
        '엔디비아',
        3,
        120000,
        55.6,
        200271,
        3
    ),
    (
        'juri',
        'QQQ',
        2,
        620000,
        8.4,
        104624,
        1
    ),
    (
        'juri',
        'TSMC',
        1,
        220000,
        20.9,
        46135,
        1
    ),
    -- juri1135의 portfolio
    (
        'juri1135',
        '태영건설',
        10,
        3825,
        -3.3,
        -3825,
        10
    ),
    (
        'juri1135',
        '메타',
        5,
        753000,
        3.9,
        146415,
        3
    ),
    (
        'juri1135',
        'GOOGLE',
        3,
        238136,
        0.0,
        0,
        3
    ),
    -- test의 portfolio
    (
        'test',
        '경남제약',
        100,
        825,
        6.9,
        5700,
        100
    ),
    (
        'test',
        '엔디비아',
        10,
        186757,
        0.0,
        0,
        10
    );
INSERT INTO
    `transactionHistory` (
        `userID`,
        `stockID`,
        `orderID`,
        `price`,
        `orderType`,
        `quantity`,
        `priceType`,
        `time`
    )
VALUES (
        'juri',
        '엔디비아',
        1,
        100000,
        '매수',
        1,
        '지정가',
        '2023-11-01 09:30:00'
    ),
    (
        'juri',
        '엔디비아',
        2,
        130000,
        '매수',
        2,
        '지정가',
        '2023-11-01 14:15:00'
    ),
    (
        'juri',
        'QQQ',
        3,
        620000,
        '매수',
        2,
        '지정가',
        '2023-11-03 11:00:00'
    ),
    (
        'juri',
        'TSMC',
        4,
        220000,
        '매수',
        3,
        '지정가',
        '2023-11-05 14:30:00'
    ),
    (
        'juri',
        'TSMC',
        5,
        260000,
        '매도',
        2,
        '지정가',
        '2023-11-07 10:00:00'
    ),
(
    'juri1135',
    '태영건설',
    6,
    3700,
    '매수',
    1,
    '지정가',
    '2023-11-04 09:30:00'
),
(
    'juri1135',
    '태영건설',
    7,
    3600,
    '매수',
    5,
    '지정가',
    '2023-11-06 10:15:00'
),
(
    'juri1135',
    '태영건설',
    8,
    4000,
    '매도',
    3,
    '지정가',
    '2023-11-08 11:30:00'
),
(
    'juri1135',
    '태영건설',
    9,
    3500,
    '매수',
    7,
    '지정가',
    '2023-11-09 14:45:00'
),
(
    'juri1135',
    '메타',
    10,
    750000,
    '매수',
    3,
    '지정가',
    '2023-11-04 13:00:00'
),
(
    'juri1135',
    '메타',
    11,
    760000,
    '매수',
    2,
    '지정가',
    '2023-11-07 14:00:00'
),
(
    'juri1135',
    'GOOGLE',
    12,
    238136,
    '매수',
    3,
    '시장가',
    '2023-11-08 15:30:00'
),
(
    'test',
    '경남제약',
    13,
    880,
    '매수',
    50,
    '지정가',
    '2023-11-02 09:45:00'
),
(
    'test',
    '경남제약',
    14,
    900,
    '매도',
    50,
    '지정가',
    '2023-11-01 10:15:00'
),
(
    'test',
    '경남제약',
    15,
    850,
    '매수',
    100,
    '지정가',
    '2023-11-03 12:00:00'
),
(
    'test',
    '엔디비아',
    16,
    186757,
    '매수',
    10,
    '시장가',
    '2023-11-05 14:30:00'
);
